code,name,industry,h1_revenue_100m,h1_revenue_growth_pct,h1_profit_100m,h1_deduct_100m,h1_deduct_growth_pct,h1_ocf_100m,cash_profit_ratio,deduct_to_reported,q2_profit_growth_pct,q2_profit_100m,q2_prior_loss,h1_roe_pct,gross_margin_change_pp,debt_ratio,ar_growth_pct,inventory_growth_pct,ttm_profit_100m,report_date,old_score_ignored,quote_name,price,previous_close,open,day_return_pct,high,low,turnover_cny,turnover_pct,vendor_pe,float_cap_100m,market_cap_100m,pb,quote_date,quote_timestamp,quote_source,pe_ttm_recomputed,finance_separate_model,cyclical_industry_proxy,screen_issues,financial_screen_pass,audit_rank_score,screen_rank,history_date,history_source,history_rows,hist_close,ma5,ma20,ma60,return5_pct,return20_pct,return60_pct,volume_to20,high20_close,low10_close,history_error,quote_history_match,announcement_titles_count,announcement_fulltext_reviewed,announcement_error,price_setup,tomorrow_buy_approved
601872,招商轮船,航运港口,196.5121404535,56.152478052864495,69.5950045903,69.0732573556,262.36415272027483,81.3058009103,1.168270645126622,0.9925030936089239,233.25355765849883,41.960870214799996,False,15.61,21.4338800617,0.47527745382768,11.912824487576446,16.21427486786915,108.47028440049999,2026-08-31 00:00:00,True,招商轮船,19.2,19.3,19.4,-0.52,19.9,19.03,1862050000.0,1.19,14.29,1550.31,1550.31,3.31,2026-09-04,20260904161437,https://qt.gtimg.cn/q=sh601872,14.292485804461059,False,True,,True,82.31,1,2026-09-04,https://web.ifzq.gtimg.cn/appstock/app/fqkline/get?param=sh601872%2Cday%2C2026-01-01%2C2026-09-04%2C160%2Cqfq,160,19.2,18.69,18.2915,17.208,1.1591148577449806,6.785317018909898,35.49752999294282,0.8919405698401178,19.78,17.81,,True,11,False,,not_extended_trend_research_only,False
600961,株冶集团,工业金属,141.5048814514,35.90909870011747,19.4807294084,19.5230811682,228.60076569960418,22.7211219846,1.1663383597332222,1.0021740335750333,160.71806954314857,8.043923985,False,39.52,7.884370811499998,0.3401445790683815,-10.667222107209195,19.661658293568518,24.878521108199998,2026-08-19 00:00:00,True,株冶集团,25.37,26.62,27.0,-4.7,27.08,25.15,985840000.0,5.07,10.94,190.73,272.19,4.64,2026-09-04,20260904161440,https://qt.gtimg.cn/q=sh600961,10.940762869955552,False,True,,True,80.52,2,2026-09-04,https://web.ifzq.gtimg.cn/appstock/app/fqkline/get?param=sh600961%2Cday%2C2026-01-01%2C2026-09-04%2C160%2Cqfq,160,25.37,26.51,27.7875,27.3475,-9.457530335474651,-13.707482993197273,9.826839826839828,0.7347631530008387,30.17,25.37,,True,1,False,,below_ma20_no_short_term_confirmation,False
601168,西部矿业,工业金属,394.42827672,24.743288768491233,41.69335166,42.1094957,129.65386540457297,83.49299931,2.002549470977215,1.0099810646885279,143.34796632592278,25.83288616,False,20.41,3.9293050279,0.5372173620778685,-3.4722737431065465,15.799295657292301,59.42657825,2026-07-30 00:00:00,True,西部矿业,38.79,40.0,40.6,-3.03,40.65,38.6,1753100000.0,1.87,15.55,924.37,924.37,4.12,2026-09-04,20260904161430,https://qt.gtimg.cn/q=sh601168,15.55482457884911,False,True,,True,79.18,3,2026-09-04,https://web.ifzq.gtimg.cn/appstock/app/fqkline/get?param=sh601168%2Cday%2C2026-01-01%2C2026-09-04%2C160%2Cqfq,160,38.79,39.548,38.553,34.711166666666664,-0.8435582822085896,-9.9373113536104,31.31347325660121,0.6647802386568736,42.45,36.48,,True,2,False,,not_extended_trend_research_only,False
000933,神火股份,工业金属,247.9085761936,21.354421350556983,47.813773053999995,47.8531122137,138.0669943613829,72.0045611433,1.5059376523576036,1.000822757903995,108.30089146614847,24.916854222299996,False,18.41,16.2363550899,0.42315317909062095,28.935866459065384,42.21959298612905,68.8227965656,2026-07-28 00:00:00,True,神火股份,27.36,27.85,27.95,-1.76,28.02,27.23,933010000.0,1.51,8.94,614.94,615.33,2.22,2026-09-04,20260904161439,https://qt.gtimg.cn/q=sz000933,8.940787510915579,False,True,,True,77.78,4,2026-09-04,https://web.ifzq.gtimg.cn/appstock/app/fqkline/get?param=sz000933%2Cday%2C2026-01-01%2C2026-09-04%2C160%2Cqfq,160,27.36,27.466,26.6725,25.014166666666668,-0.8336353751359216,1.9754006708907923,2.203959656331711,0.747995742693965,27.85,26.01,,True,0,False,,not_extended_trend_research_only,False
300972,万辰集团,休闲食品,348.3622011379,54.26158862575583,12.099232844500001,11.406521805499999,153.17242044562022,18.1074620126,1.4965793488990655,0.9427475239213294,125.98841583134805,5.801456046400001,False,57.52,1.4394422684000006,0.6219372563696819,-8.845705836974172,51.768741658228734,20.8295515692,2026-08-29 00:00:00,True,万辰集团,184.35,180.88,181.97,1.92,188.81,180.7,280200000.0,0.83,17.46,333.15,363.78,13.49,2026-09-04,20260904161436,https://qt.gtimg.cn/q=sz300972,17.46461025776042,False,False,,True,77.76,5,2026-09-04,https://web.ifzq.gtimg.cn/appstock/app/fqkline/get?param=sz300972%2Cday%2C2026-01-01%2C2026-09-04%2C160%2Cqfq,160,184.35,182.16,194.3705,192.6575,-5.159995884350243,-8.886472594276684,0.7377049180327777,0.7618456163204307,206.4,179.02,,True,20,False,,below_ma20_no_short_term_confirmation,False
002468,申通快递,物流,324.9056155468,29.83485552823668,10.3486868136,10.4005773047,138.37661478255185,20.636889428499998,1.9941553745137486,1.005014210211851,165.27207763389134,5.7628039945000005,False,9.03,2.1276346906,0.6228478277211215,26.38579175257032,39.81317920057783,19.5022413838,2026-08-28 00:00:00,True,申通快递,14.31,14.13,14.18,1.27,14.63,14.11,313460000.0,1.48,11.23,211.26,219.06,1.86,2026-09-04,20260904161418,https://qt.gtimg.cn/q=sz002468,11.232555052978032,False,False,,True,77.3,6,2026-09-04,https://web.ifzq.gtimg.cn/appstock/app/fqkline/get?param=sz002468%2Cday%2C2026-01-01%2C2026-09-04%2C160%2Cqfq,160,14.31,14.098,14.248,14.454333333333333,1.85053380782918,-1.851851851851849,2.875629043853345,1.5194546212128601,14.77,13.96,,True,12,False,,recovery_needs_confirmation,False
600026,中远海能,航运港口,151.46096669989998,30.030771568520542,45.449977808199996,44.4913951272,150.88409150969042,69.6163620625,1.5317138845761977,0.9789090616271533,104.42031555030637,23.716840697899993,False,9.26,18.2286349027,0.490449856816734,34.64537878265863,11.037104373975758,67.1358355937,2026-08-29 00:00:00,True,中远海能,20.34,20.33,20.5,0.05,21.18,20.2,1862450000.0,2.37,16.58,778.61,1112.84,2.31,2026-09-04,20260904161448,https://qt.gtimg.cn/q=sh600026,16.575946216485736,False,True,,True,76.26,7,2026-09-04,https://web.ifzq.gtimg.cn/appstock/app/fqkline/get?param=sh600026%2Cday%2C2026-01-01%2C2026-09-04%2C160%2Cqfq,160,20.34,19.53,18.394,17.456,8.133971291866038,14.915254237288146,25.015365703749225,1.37505136460533,20.34,18.57,,True,11,False,,not_extended_trend_research_only,False
000603,盛达资源,贵金属,11.5160417951,27.084423453720817,3.9005994725,3.8241471394,417.0642810131599,5.7288911134000005,1.4687206809593805,0.980399850423248,402.5770024876678,3.1065452568,False,12.14,25.127502076900008,0.4836491354365926,-46.93527942655391,-4.455865351715138,8.5241872021,2026-08-01 00:00:00,True,盛达资源,36.16,37.0,37.03,-2.27,37.74,35.91,1782550000.0,7.28,29.27,241.08,249.49,6.64,2026-09-04,20260904161436,https://qt.gtimg.cn/q=sz000603,29.268479690185146,False,True,,True,76.22,8,2026-09-04,https://web.ifzq.gtimg.cn/appstock/app/fqkline/get?param=sz000603%2Cday%2C2026-01-01%2C2026-09-04%2C160%2Cqfq,160,36.16,36.466,35.502,28.136499999999998,-6.296968126457648,5.024687772291592,29.605734767025083,0.6444654122712251,39.86,35.9,,True,4,False,,not_extended_trend_research_only,False
000792,盐湖股份,农化制品,130.5216620079,79.87926657468314,61.6853712045,60.005492653599994,135.1916323674431,62.822009145200006,1.0184263775755165,0.9727669864329608,123.58547205563322,31.418682248799996,False,13.34,13.451376566000008,0.14067692370868257,-14.868679673112883,39.41484238402679,120.50917182849999,2026-08-26 00:00:00,True,盐湖股份,26.65,27.07,27.07,-1.55,27.4,26.58,1329640000.0,0.93,11.7,1410.19,1410.2,2.95,2026-09-04,20260904161442,https://qt.gtimg.cn/q=sz000792,11.702013868346018,False,False,,True,75.52,9,2026-09-04,https://web.ifzq.gtimg.cn/appstock/app/fqkline/get?param=sz000792%2Cday%2C2026-01-01%2C2026-09-04%2C160%2Cqfq,160,26.65,27.34,28.067,28.090166666666665,-6.095842142353769,-7.46527777777779,-12.36435383097666,0.7773813297397733,29.5,26.65,,True,11,False,,below_ma20_no_short_term_confirmation,False
002645,华宏科技,环保设备Ⅱ,55.962474673100004,77.1295272198088,3.4265682649,3.4114393127,473.03412286794185,4.8444255937000005,1.4137834764081019,0.9955848093397194,160.2417390171229,1.2621544635000002,False,8.12,4.1002936974,0.3880075189982851,45.30184091758169,15.101253700334594,4.6733258478,2026-08-25 00:00:00,True,华宏科技,17.47,18.37,18.51,-4.9,18.73,17.3,498440000.0,4.1,28.15,118.83,131.57,3.03,2026-09-04,20260904161439,https://qt.gtimg.cn/q=sz002645,28.153397448615202,False,False,,True,73.95,10,2026-09-04,https://web.ifzq.gtimg.cn/appstock/app/fqkline/get?param=sz002645%2Cday%2C2026-01-01%2C2026-09-04%2C160%2Cqfq,160,17.47,18.476,19.4095,21.882166666666667,-8.772845953002605,-9.057782404997406,-42.889833278849295,0.8157752091556727,21.48,17.47,,True,9,False,,below_ma20_no_short_term_confirmation,False
601061,中信金属,贸易Ⅱ,869.1135387551,36.53154294557961,26.7289521264,27.0482617345,95.32456521879948,99.71620250129999,3.7306439111322662,1.0119462074902899,47.73733488028535,12.963762371899998,False,11.02,0.13389960760000008,0.5276963140917659,15.359411145850089,-7.520546878761358,39.1398119488,2026-08-21 00:00:00,True,中信金属,11.54,11.49,11.6,0.44,11.8,11.49,149270000.0,0.26,14.45,565.46,565.46,2.28,2026-09-04,20260904161439,https://qt.gtimg.cn/q=sh601061,14.447182340571686,False,False,,True,73.84,11,2026-09-04,https://web.ifzq.gtimg.cn/appstock/app/fqkline/get?param=sh601061%2Cday%2C2026-01-01%2C2026-09-04%2C160%2Cqfq,160,11.54,11.597999999999999,11.8335,11.408616666666667,-3.9134054954204855,-5.0986842105263275,4.538454570160333,0.5994363634962833,12.56,11.42,,True,5,False,,below_ma20_no_short_term_confirmation,False
688002,睿创微纳,军工电子Ⅱ,43.966217173900006,72.8372056797503,12.593615945,12.327775714100001,275.38122642727745,14.351751115999999,1.139605271327813,0.9788908735933348,280.43254584874103,7.8061938878,False,17.01,7.041678252899999,0.34498436003557476,7.332335088261588,11.469158276976877,20.3297526223,2026-08-18 00:00:00,True,睿创微纳,180.45,180.66,182.0,-0.12,185.99,178.72,1966340000.0,2.32,41.32,840.08,840.08,10.58,2026-09-04,20260904161448,https://qt.gtimg.cn/q=sh688002,41.322686783630814,False,False,,True,73.27,12,2026-09-04,https://web.ifzq.gtimg.cn/appstock/app/fqkline/get?param=sh688002%2Cday%2C2026-01-01%2C2026-09-04%2C160%2Cqfq,160,180.45,181.47,168.289,153.27683333333334,11.595547309833032,6.122088920254054,38.25467361323933,0.9611067606881172,185.0,156.61,,True,4,False,,not_extended_trend_research_only,False
600428,中远海特,航运港口,144.4589705849,34.0667335775261,13.713284824,13.3796028198,60.21751073277288,37.5196862029,2.736010130646142,0.9756672446840735,101.30976099571866,9.6545496753,False,7.89,2.6643194418999983,0.5777439035590284,35.126579505752844,34.41135207419228,23.2637120209,2026-08-27 00:00:00,True,中远海特,11.66,11.65,11.72,0.09,11.82,11.48,475440000.0,1.67,13.75,285.12,319.94,1.88,2026-09-04,20260904161447,https://qt.gtimg.cn/q=sh600428,13.752749333922614,False,True,,True,72.9,13,2026-09-04,https://web.ifzq.gtimg.cn/appstock/app/fqkline/get?param=sh600428%2Cday%2C2026-01-01%2C2026-09-04%2C160%2Cqfq,160,11.66,11.528,11.589500000000001,10.111083333333333,1.6564952048822912,-2.4267782426778184,55.36309127248502,0.7994461483810095,12.09,10.98,,True,5,False,,not_extended_trend_research_only,False
002558,巨人网络,游戏Ⅱ,46.887291956599995,182.0797292304764,21.4430457807,22.3620441342,177.23079451278386,20.7181078209,0.9661923978890868,1.0428576407894048,147.8921904083852,10.639045607,False,13.22,5.012014080399993,0.17053055886239543,0.6844316539387663,,31.217706713999995,2026-08-27 00:00:00,True,巨人网络,27.67,26.92,26.91,2.79,28.19,26.71,3156140000.0,6.0,16.85,525.88,525.89,3.13,2026-09-04,20260904161436,https://qt.gtimg.cn/q=sz002558,16.845888290831997,False,False,,True,72.74,14,2026-09-04,https://web.ifzq.gtimg.cn/appstock/app/fqkline/get?param=sz002558%2Cday%2C2026-01-01%2C2026-09-04%2C160%2Cqfq,160,27.67,27.018,27.3645,27.355,1.4296187683284556,-5.691888207225626,16.99788583509516,1.65365504418073,29.79,26.1,,True,11,False,,not_extended_trend_research_only,False
002545,东方铁塔,农化制品,30.5068032878,42.026777803512076,9.760398159700001,9.6400326655,100.8756674973994,11.456397314,1.1737633164702914,0.9876679729422329,99.7274067296976,5.741753352100001,False,9.52,8.693770191800006,0.3064415754839563,33.445314029252195,21.582670531852234,16.8894813068,2026-08-26 00:00:00,True,东方铁塔,17.85,17.52,17.77,1.88,18.55,17.6,379130000.0,1.86,13.15,201.73,222.07,2.14,2026-09-04,20260904161433,https://qt.gtimg.cn/q=sz002545,13.1484203668582,False,False,,True,72.66,15,2026-09-04,https://web.ifzq.gtimg.cn/appstock/app/fqkline/get?param=sz002545%2Cday%2C2026-01-01%2C2026-09-04%2C160%2Cqfq,160,17.85,17.791999999999998,17.8135,17.726,-1.6528925619834545,-3.3567948023822236,-6.593406593406581,1.0192556740457812,18.92,17.03,,True,6,False,,not_extended_trend_research_only,False
000949,新乡化纤,化学纤维,45.783645505900004,22.490768673003146,3.445105545,3.2762981595,801.0850954334142,8.1818501508,2.3749200260858774,0.9510008087430017,551.0982913360461,2.2851320164,False,5.02,7.154386621199999,0.4647245807417467,6.625687840549244,-14.995472968646517,4.7976618385,2026-08-29 00:00:00,True,新乡化纤,7.79,7.95,7.99,-2.01,8.05,7.74,488100000.0,3.73,26.9,129.04,129.07,1.84,2026-09-04,20260904161418,https://qt.gtimg.cn/q=sz000949,26.902688089486947,False,True,,True,71.2,16,2026-09-04,https://web.ifzq.gtimg.cn/appstock/app/fqkline/get?param=sz000949%2Cday%2C2026-01-01%2C2026-09-04%2C160%2Cqfq,160,7.79,7.806,7.0025,6.432833333333333,5.555555555555558,18.75,22.291993720565138,1.204399852640246,7.95,6.95,,True,6,False,,not_extended_trend_research_only,False
000426,兴业银锡,贵金属,42.8169700856,73.13082066827224,22.630561684099998,18.1608715918,126.60077166775369,21.12766541,0.9335899702765258,0.8024931879865643,119.64060016084095,9.253840048599999,False,21.32,11.856307259599994,0.3802307167891479,-65.52397292194024,14.639023656984062,31.7162033324,2026-08-29 00:00:00,True,兴业银锡,38.44,39.27,40.05,-2.11,40.06,38.2,1720050000.0,2.48,21.52,682.38,682.55,5.92,2026-09-04,20260904161403,https://qt.gtimg.cn/q=sz000426,21.52054559767355,False,True,,True,70.84,17,2026-09-04,https://web.ifzq.gtimg.cn/appstock/app/fqkline/get?param=sz000426%2Cday%2C2026-01-01%2C2026-09-04%2C160%2Cqfq,160,38.44,38.972,39.335,35.7845,-7.551707551707554,-2.3622047244094446,6.956037840845863,0.5525863999168448,42.18,38.02,,True,13,False,,below_ma20_no_short_term_confirmation,False
600989,宝丰能源,化学原料,301.97583541330005,32.33211152618456,97.278186965,92.0988701974,65.06856148405204,119.6433849535,1.2299096918464039,0.9467576758038934,84.92268573064095,60.671440533,False,18.61,6.826390337100001,0.4183613770762605,53.47567894693446,9.20347754791091,153.60488330270002,2026-08-13 00:00:00,True,宝丰能源,24.4,24.38,24.41,0.08,24.69,24.1,1490680000.0,0.83,11.65,1789.34,1789.34,3.43,2026-09-04,20260904161457,https://qt.gtimg.cn/q=sh600989,11.648978610099615,False,True,,True,70.57,18,2026-09-04,https://web.ifzq.gtimg.cn/appstock/app/fqkline/get?param=sh600989%2Cday%2C2026-01-01%2C2026-09-04%2C160%2Cqfq,160,24.4,24.332,23.392,22.210833333333333,1.3710012463647558,4.946236559139772,8.251996450754206,0.8445200724108137,24.4,22.69,,True,2,False,,not_extended_trend_research_only,False
300681,英搏尔,汽车零部件,24.237253733400003,77.06274410954208,1.1761865184,1.1491727041,241.7957100940276,3.1723288686,2.6971307857833717,0.9770327121783816,130.2166954105336,0.6087484684000001,False,3.8,0.48283871269999956,0.5860623129081725,47.77704671952729,84.78138265415191,2.6624436601,2026-08-29 00:00:00,True,英搏尔,21.48,21.4,21.78,0.37,22.72,21.35,320620000.0,6.29,24.69,49.58,65.74,2.1,2026-09-04,20260904161409,https://qt.gtimg.cn/q=sz300681,24.691602299494605,False,False,,True,70.1,19,2026-09-04,https://web.ifzq.gtimg.cn/appstock/app/fqkline/get?param=sz300681%2Cday%2C2026-01-01%2C2026-09-04%2C160%2Cqfq,160,21.48,21.156,21.517,24.1545,-3.8495971351835245,0.0,-29.179030662710183,1.7945524502595398,22.46,20.8,,True,24,False,,below_ma20_no_short_term_confirmation,False
300677,英科医疗,医疗器械,69.0902270033,40.61480440256027,8.3734051961,10.6054016336,165.00172575931794,17.577448423499998,2.099199550463278,1.2665577964075565,131.2742303919576,8.273097566599999,False,4.49,13.589592754899996,0.5299390905609195,1.4993805008419292,60.31058324203327,11.376005066200001,2026-08-25 00:00:00,True,英科医疗,54.25,55.82,55.96,-2.81,56.9,53.92,548540000.0,2.15,31.22,252.59,355.2,1.88,2026-09-04,20260904161436,https://qt.gtimg.cn/q=sz300677,31.223614786825134,False,False,,True,70.05,20,2026-09-04,https://web.ifzq.gtimg.cn/appstock/app/fqkline/get?param=sz300677%2Cday%2C2026-01-01%2C2026-09-04%2C160%2Cqfq,160,54.25,55.5668,51.60395,46.91465,0.09040423608419612,7.551396681271183,17.54891551645683,1.0073852090394797,57.401,48.001,,True,14,False,,not_extended_trend_research_only,False
601600,中国铝业,工业金属,1254.13186,7.735278989400207,118.71383,116.4953,67.84479737938315,262.62561,2.2122579146844137,0.9813119499219257,79.4683507206018,63.44138,False,14.67,10.1787878174,0.42761446728102,15.850668137400504,-10.846745780390455,174.75085,2026-08-28 00:00:00,True,中国铝业,9.67,9.81,9.89,-1.43,9.9,9.64,1482260000.0,1.15,9.49,1276.76,1658.89,1.96,2026-09-04,20260904161446,https://qt.gtimg.cn/q=sh601600,9.492886586817747,False,True,,True,69.69,21,2026-09-04,https://web.ifzq.gtimg.cn/appstock/app/fqkline/get?param=sh601600%2Cday%2C2026-01-01%2C2026-09-04%2C160%2Cqfq,160,9.67,9.728,9.5681,9.169366666666667,-1.527494908350313,-0.34010099969080665,-5.037808111558483,0.8015908503532553,9.903,9.37,,True,6,False,,not_extended_trend_research_only,False
002756,永兴材料,能源金属,50.830069100699994,37.620551561345316,9.5888336624,9.1342077034,179.77084962848977,10.849115915699999,1.1314322781760051,0.9525879814994923,124.38685094517221,4.6983741381,False,7.29,12.3151504272,0.13158852671512727,2.202337160738299,48.673661201962524,12.1953829225,2026-08-25 00:00:00,True,永兴材料,42.93,44.33,44.33,-3.16,44.74,42.6,422910000.0,2.46,18.98,169.03,231.44,1.72,2026-09-04,20260904161454,https://qt.gtimg.cn/q=sz002756,18.977673884515944,False,False,,True,69.62,22,2026-09-04,https://web.ifzq.gtimg.cn/appstock/app/fqkline/get?param=sz002756%2Cday%2C2026-01-01%2C2026-09-04%2C160%2Cqfq,160,42.93,44.604,46.598,50.36866666666667,-7.875536480686696,-11.557478368355989,-31.67276778608945,0.8510817767612728,49.21,42.93,,True,12,False,,below_ma20_no_short_term_confirmation,False
002039,黔源电力,电力,11.1223590589,25.919872055617567,2.328768181,2.3128811893,83.0384691221247,5.7768130288999995,2.4806303504281693,0.993177941956774,90.74416357472666,1.4365346582999998,False,5.14,4.772730138299998,0.4717963265957637,0.2841360739949117,-7.324905815770322,7.0584698839,2026-08-21 00:00:00,True,黔源电力,19.4,19.45,19.48,-0.26,19.64,19.35,69380000.0,0.83,11.75,82.95,82.95,1.84,2026-09-04,20260904161427,https://qt.gtimg.cn/q=sz002039,11.751838764546493,False,False,,True,69.43,23,2026-09-04,https://web.ifzq.gtimg.cn/appstock/app/fqkline/get?param=sz002039%2Cday%2C2026-01-01%2C2026-09-04%2C160%2Cqfq,160,19.4,19.432,19.3505,19.617833333333333,0.46607975142414215,-1.8218623481781493,-6.865098415746518,0.6116564448823163,19.98,19.28,,True,0,False,,recovery_needs_confirmation,False
000612,焦作万方,工业金属,41.4808265165,25.37564395191263,12.3017672971,12.181971273399999,128.19751707821374,11.6491812248,0.9469518438660566,0.9902618850766067,92.13212044339481,7.1943759901,False,15.89,19.8200982449,0.10405006861370517,-25.63592217419941,8.976184990488134,17.6546029255,2026-08-29 00:00:00,True,焦作万方,11.03,11.28,11.39,-2.22,11.42,10.98,401530000.0,3.01,7.45,131.5,131.5,1.62,2026-09-04,20260904161427,https://qt.gtimg.cn/q=sz000612,7.448482447037293,False,True,,True,69.07,24,2026-09-04,https://web.ifzq.gtimg.cn/appstock/app/fqkline/get?param=sz000612%2Cday%2C2026-01-01%2C2026-09-04%2C160%2Cqfq,160,11.03,11.224,11.235,11.007333333333333,-3.752181500872609,-4.086956521739138,4.2533081285444085,1.0334101089106333,11.68,10.94,,True,5,False,,below_ma20_no_short_term_confirmation,False
601069,西部黄金,贵金属,110.433958276,119.6207740423592,5.467030595700001,5.4337325730999995,202.69084957067625,13.8536980424,2.534044359162063,0.9939093037770466,-77.53759007883343,0.24215025870000065,False,10.92,0.9962690211999998,0.6206659868385178,-46.17346328123803,27.74039963598256,8.871393039400001,2026-08-25 00:00:00,True,西部黄金,30.0,30.55,30.9,-1.8,30.98,29.73,764930000.0,2.84,30.81,266.16,273.3,5.32,2026-09-04,20260904161451,https://qt.gtimg.cn/q=sh601069,30.806886673401646,False,True,,True,69.04,25,2026-09-04,https://web.ifzq.gtimg.cn/appstock/app/fqkline/get?param=sh601069%2Cday%2C2026-01-01%2C2026-09-04%2C160%2Cqfq,160,30.0,29.974,30.023,26.3637,-3.567984570877525,5.226236408277796,20.997015406953288,0.7243713642638109,34.08,29.57,,True,21,False,,below_ma20_no_short_term_confirmation,False
002440,闰土股份,化学制品,35.8488578024,32.486153119645444,6.267809923300001,4.7123826671,253.38126305937269,6.295057465599999,1.004347218986126,0.7518387961291161,334.7436578229474,4.4305753468,False,6.17,8.514965918600002,0.1420875020882096,39.78531806642906,-9.057142283938758,11.4643656167,2026-08-28 00:00:00,True,闰土股份,13.3,13.5,13.48,-1.48,13.97,13.22,615810000.0,4.82,13.04,125.87,149.49,1.44,2026-09-04,20260904161424,https://qt.gtimg.cn/q=sz002440,13.039535286823003,False,True,,True,68.48,26,2026-09-04,https://web.ifzq.gtimg.cn/appstock/app/fqkline/get?param=sz002440%2Cday%2C2026-01-01%2C2026-09-04%2C160%2Cqfq,160,13.3,13.696,13.067499999999999,11.914866666666667,-4.247660187185021,0.37735849056603765,57.7137436262303,0.8886377301804725,14.12,12.09,,True,7,False,,not_extended_trend_research_only,False
688633,星球石墨,专用设备,4.3752473217,40.95505098375361,1.2514911779,1.1926424456,235.94082260410235,1.3544500475999999,1.0822689536435763,0.952977109755781,73.66309620703757,0.5187908175,False,6.7,14.813924063199998,0.25184954261737236,-7.502350591526275,1.836167899464436,2.4751529154000003,2026-08-29 00:00:00,True,星球石墨,22.93,22.85,23.11,0.35,23.75,22.86,86600000.0,2.18,15.79,39.07,39.07,1.63,2026-09-04,20260904161436,https://qt.gtimg.cn/q=sh688633,15.78488333262676,False,False,,True,68.27,27,2026-09-04,https://web.ifzq.gtimg.cn/appstock/app/fqkline/get?param=sh688633%2Cday%2C2026-01-01%2C2026-09-04%2C160%2Cqfq,160,22.93,23.244,24.009,25.394833333333334,-7.763475462590508,-5.169561621174523,-20.160167130919216,1.1519051203666644,24.86,22.85,,True,7,False,,below_ma20_no_short_term_confirmation,False
600236,桂冠电力,电力,57.163831595699996,37.591656280938636,17.5897301931,17.807409418699997,49.69551459731703,38.029168964,2.162009794722029,1.0123753589856306,39.64175321130101,8.9980848765,False,9.0622,6.705901336400004,0.5519612867230667,8.57610898730725,-46.851147517487355,38.5083807699,2026-07-31 00:00:00,True,桂冠电力,9.88,10.04,10.02,-1.59,10.06,9.86,109740000.0,0.14,20.22,778.78,778.78,4.3,2026-09-04,20260904161459,https://qt.gtimg.cn/q=sh600236,20.22364961677983,False,False,,True,68.26,28,2026-09-04,https://web.ifzq.gtimg.cn/appstock/app/fqkline/get?param=sh600236%2Cday%2C2026-01-01%2C2026-09-04%2C160%2Cqfq,160,9.88,9.966,10.1165,10.062233333333333,-0.20202020202019222,-8.518518518518514,3.4880067036765494,0.6960009802385921,10.89,9.84,,True,3,False,,below_ma20_no_short_term_confirmation,False
002748,世龙实业,化学原料,11.6950446262,14.865609052392848,1.0006425670999999,1.0025427642,141.8687114801469,2.1981606113,2.1967490526318225,1.0018989768799333,273.8215127789795,0.6157426261999999,False,6.96,4.347512090999999,0.4683726154729511,31.248271895053325,1.8221931560444826,1.1702482193,2026-08-25 00:00:00,True,世龙实业,12.14,12.2,12.23,-0.49,12.38,12.06,44830000.0,1.53,24.9,29.14,29.14,1.98,2026-09-04,20260904161403,https://qt.gtimg.cn/q=sz002748,24.900700141573804,False,True,,True,68.24,29,2026-09-04,https://web.ifzq.gtimg.cn/appstock/app/fqkline/get?param=sz002748%2Cday%2C2026-01-01%2C2026-09-04%2C160%2Cqfq,160,12.14,12.264,12.021,11.103,-1.140065146579794,11.27406049495876,15.234931181775035,0.6711171966793327,12.41,11.89,,True,13,False,,not_extended_trend_research_only,False
603332,苏州龙杰,化学纤维,9.0904634056,29.728394870881324,0.5461277794,0.6448972575,218.69926526974402,1.3962722624000001,2.5566768713615087,1.1808541550633307,75.21536781230691,0.35276505269999997,False,4.11,4.295720965399999,0.16502295482071366,-87.06885840541607,-13.631689435375915,0.97996663,2026-08-18 00:00:00,True,苏州龙杰,11.77,11.83,11.83,-0.51,12.01,11.71,34710000.0,1.35,25.98,25.46,25.46,1.95,2026-09-04,20260904161446,https://qt.gtimg.cn/q=sh603332,25.98047649847016,False,True,,True,67.91,30,2026-09-04,https://web.ifzq.gtimg.cn/appstock/app/fqkline/get?param=sh603332%2Cday%2C2026-01-01%2C2026-09-04%2C160%2Cqfq,160,11.77,11.986,11.605,10.905333333333333,-0.6751054852320637,7.000000000000006,7.981651376146792,0.7425414532963337,12.23,11.49,,True,0,False,,not_extended_trend_research_only,False
301026,浩通科技,小金属,27.4946326729,104.14610539758758,1.4581903466,1.2535106112999999,77.41532606220969,3.8073798823000002,2.611030782899849,0.8596344189376627,37.64817274814507,0.8167601541999999,False,8.52,-1.8704595964,0.5527862268138215,119.43247780808748,65.85368876386252,2.3592766962000002,2026-08-21 00:00:00,True,浩通科技,20.76,20.69,20.98,0.34,21.45,20.6,136300000.0,4.05,19.5,33.22,46.0,2.66,2026-09-04,20260904161439,https://qt.gtimg.cn/q=sz301026,19.497501108746803,False,True,,True,67.81,31,2026-09-04,https://web.ifzq.gtimg.cn/appstock/app/fqkline/get?param=sz301026%2Cday%2C2026-01-01%2C2026-09-04%2C160%2Cqfq,160,20.76,20.736,21.4775,20.2635,-3.62116991643453,-9.02716914986853,-3.844372394627138,0.5909701160839046,23.59,20.33,,True,0,False,,below_ma20_no_short_term_confirmation,False
601899,紫金矿业,工业金属,1941.7845863,15.781689073243399,391.69807243,380.34770076,75.89164976245975,554.71692934,1.4161849863050653,0.9710226511976813,45.45105944281049,190.90415736,False,19.6,13.996313851099998,0.4955471997465647,10.915122131415366,11.5180863403896,676.55382557,2026-08-22 00:00:00,True,紫金矿业,33.35,33.31,33.85,0.12,34.05,33.07,5939060000.0,0.86,13.11,6870.7,8868.0,4.65,2026-09-04,20260904161458,https://qt.gtimg.cn/q=sh601899,13.107604546509904,False,True,,True,67.64,32,2026-09-04,https://web.ifzq.gtimg.cn/appstock/app/fqkline/get?param=sh601899%2Cday%2C2026-01-01%2C2026-09-04%2C160%2Cqfq,160,33.35,33.402,33.538,30.597333333333335,-3.7518037518037395,-3.9735099337748214,25.706747078778736,0.692649320300021,35.03,32.95,,True,3,False,,below_ma20_no_short_term_confirmation,False
002266,浙富控股,环境治理,134.39578909989999,26.283270502057164,13.557040495899999,12.521186208,194.88991449148497,12.1066448353,0.893015318421551,0.9235928897451278,155.08687474237402,7.5340865058999995,False,10.71,5.011645456300002,0.5558185555261227,14.407708430913058,26.375583295024875,19.0729917529,2026-08-29 00:00:00,True,浙富控股,4.87,4.84,4.85,0.62,4.97,4.84,329960000.0,1.39,13.33,235.83,254.18,1.94,2026-09-04,20260904161415,https://qt.gtimg.cn/q=sz002266,13.326697945085233,False,False,,True,66.95,33,2026-09-04,https://web.ifzq.gtimg.cn/appstock/app/fqkline/get?param=sz002266%2Cday%2C2026-01-01%2C2026-09-04%2C160%2Cqfq,160,4.87,4.856,4.921,4.913833333333334,-1.6161616161616155,-3.5643564356435564,4.282655246252687,0.9839899925927975,5.18,4.79,,True,12,False,,below_ma20_no_short_term_confirmation,False
603444,吉比特,游戏Ⅱ,37.2684229778,48.01380786002163,10.915364953900001,10.8670785597,67.7694773540429,12.7286846363,1.166125428701503,0.9955762913650681,58.836765141088335,5.739920282800001,False,18.57,1.3929344623999924,0.22610471270440882,72.19539837872466,,22.405214626000003,2026-08-14 00:00:00,True,吉比特,399.9,380.96,380.89,4.97,408.5,380.84,1507330000.0,5.3,12.86,288.09,288.09,4.76,2026-09-04,20260904161433,https://qt.gtimg.cn/q=sh603444,12.858167386876428,False,False,,True,66.64,34,2026-09-04,https://web.ifzq.gtimg.cn/appstock/app/fqkline/get?param=sh603444%2Cday%2C2026-01-01%2C2026-09-04%2C160%2Cqfq,160,399.9,386.08,386.661,366.7273333333333,3.0457637600494802,4.502574019390071,22.136705149349446,2.1288557588535,399.9,378.57,,True,0,False,,not_extended_trend_research_only,False
002752,昇兴股份,包装印刷,37.498958875300005,16.279907623522583,2.435338022,2.4255042465,81.41121720663908,7.114498800900001,2.9213598837738677,0.9959620490415848,69.00840494692724,0.9198833072,False,6.72,2.986847791199999,0.518437937214031,-15.319529300847446,26.94608528263982,4.033433841899999,2026-08-27 00:00:00,True,昇兴股份,6.2,6.18,6.22,0.32,6.34,6.17,98350000.0,1.61,15.02,60.48,60.57,1.65,2026-09-04,20260904161457,https://qt.gtimg.cn/q=sz002752,15.016981156549168,False,False,,True,65.82,35,2026-09-04,https://web.ifzq.gtimg.cn/appstock/app/fqkline/get?param=sz002752%2Cday%2C2026-01-01%2C2026-09-04%2C160%2Cqfq,160,6.2,6.1579999999999995,6.0165,5.989,2.310231023102327,4.377104377104368,4.026845637583887,1.4649664053777436,6.2,5.82,,True,7,False,,not_extended_trend_research_only,False
000893,亚钾国际,农化制品,38.2152334393,51.533294623577916,13.5008708375,13.4673750509,57.31535110043722,18.5222715556,1.3719316167481999,0.997518990663405,73.78616747853397,8.1757909341,False,9.63,2.416167988100007,0.3096935347031436,-42.30113968791302,51.43102995247752,21.6778743402,2026-08-28 00:00:00,True,亚钾国际,48.41,47.24,47.24,2.48,49.34,47.24,681660000.0,1.73,20.64,392.67,447.33,3.06,2026-09-04,20260904161406,https://qt.gtimg.cn/q=sz000893,20.635325815615598,False,False,,True,64.05,37,2026-09-04,https://web.ifzq.gtimg.cn/appstock/app/fqkline/get?param=sz000893%2Cday%2C2026-01-01%2C2026-09-04%2C160%2Cqfq,160,48.41,48.032000000000004,47.4755,45.79266666666667,-0.7991803278688536,0.3732116939664021,7.339246119733911,0.9628121429205665,48.8,46.38,,True,5,False,,not_extended_trend_research_only,False
300307,慈星股份,专用设备,14.555173091099999,31.585177194727375,1.73301116,1.6863067837999999,103.9356332340351,4.160799088,2.4009072670945755,0.9730501584306012,179.7621772909122,0.8257702892000001,False,5.26,1.4940042394000024,0.3230682371427728,-0.5146357733857299,-9.879263829206398,1.6506201193,2026-08-27 00:00:00,True,慈星股份,7.34,7.46,7.54,-1.61,7.58,7.29,126600000.0,2.15,35.6,57.81,58.76,1.75,2026-09-04,20260904161424,https://qt.gtimg.cn/q=sz300307,35.59874214117729,False,False,,True,63.76,38,2026-09-04,https://web.ifzq.gtimg.cn/appstock/app/fqkline/get?param=sz300307%2Cday%2C2026-01-01%2C2026-09-04%2C160%2Cqfq,160,7.34,7.43,7.541,7.205,-1.8716577540107027,-4.675324675324677,-5.290322580645168,0.5627894098980879,8.14,7.34,,True,3,False,,below_ma20_no_short_term_confirmation,False
300748,金力永磁,金属新材料,46.4928446503,32.57009642953697,4.6223598125,3.9853701894999998,70.3058782491541,12.058747544700001,2.608785995432501,0.8621938471173484,86.57220948601389,2.6946207313,False,5.94,5.3362208609999975,0.5179855460659478,1.1822845191511444,15.948985936012283,8.628894045,2026-08-21 00:00:00,True,金力永磁,26.11,26.56,26.74,-1.69,26.96,26.0,355790000.0,1.19,41.82,295.54,360.83,4.72,2026-09-04,20260904161442,https://qt.gtimg.cn/q=sz300748,41.81648286770683,False,False,,True,63.69,39,2026-09-04,https://web.ifzq.gtimg.cn/appstock/app/fqkline/get?param=sz300748%2Cday%2C2026-01-01%2C2026-09-04%2C160%2Cqfq,160,26.11,26.398,27.2015,28.217166666666667,-3.4036256011838795,-6.281407035175879,-10.704514363885087,0.6455600312631515,28.4,25.85,,True,2,False,,below_ma20_no_short_term_confirmation,False
301345,涛涛车业,摩托车及其他,27.508967134099997,60.56193874610556,5.404949305900001,5.3579918454,58.15539061572264,7.1261755579,1.3184537272386851,0.9913121367394248,42.25902140540323,3.6419217411,False,14.18,2.3543874288000026,0.4316990296764641,75.48856492824159,55.008314428950136,10.146007031600002,2026-08-29 00:00:00,True,涛涛车业,229.01,228.56,227.98,0.2,233.68,226.02,238310000.0,2.96,24.61,80.22,249.73,6.32,2026-09-04,20260904161409,https://qt.gtimg.cn/q=sz301345,24.613623785417204,False,False,,True,63.0,42,2026-09-04,https://web.ifzq.gtimg.cn/appstock/app/fqkline/get?param=sz301345%2Cday%2C2026-01-01%2C2026-09-04%2C160%2Cqfq,160,229.01,232.242,247.5835,241.80683333333334,-2.5903870693322006,-9.742639813975485,17.24261506169047,0.9485331419874681,270.99,225.79,,True,8,False,,below_ma20_no_short_term_confirmation,False
600546,山煤国际,煤炭开采,103.54585578209999,21.6251906061923,10.0950849507,10.448902095,53.19492895131938,25.6053576421,2.536418243842961,1.0350484563555322,45.22814999550098,5.8096649958,False,6.06,6.238323185199995,0.4920349694590834,-16.08879013127078,-39.51062658556012,15.209661858000002,2026-08-29 00:00:00,True,山煤国际,13.17,13.26,13.26,-0.68,13.44,13.08,298140000.0,1.14,17.17,261.09,261.09,1.57,2026-09-04,20260904161453,https://qt.gtimg.cn/q=sh600546,17.166062101681206,False,True,,True,62.98,43,2026-09-04,https://web.ifzq.gtimg.cn/appstock/app/fqkline/get?param=sh600546%2Cday%2C2026-01-01%2C2026-09-04%2C160%2Cqfq,160,13.17,13.538,13.3485,12.513583333333333,-5.861329521086489,1.1520737327189057,3.9053254437869667,0.8773044418325148,14.26,13.17,,True,7,False,,below_ma20_no_short_term_confirmation,False
600309,万华化学,化学制品,1193.1586379485,31.258501333134546,100.62963544809999,96.7629359648,54.95781211596136,117.84141040700001,1.1710408159808652,0.9615749429471574,108.67997623781957,63.45255670879999,False,8.96,3.2429458727999982,0.6427258132863642,33.20109239359168,31.689518166492793,164.67435026,2026-08-25 00:00:00,True,万华化学,77.66,77.38,77.66,0.36,79.28,77.18,2830060000.0,1.16,14.76,2431.12,2431.12,2.14,2026-09-04,20260904161457,https://qt.gtimg.cn/q=sh600309,14.763197766753404,False,True,,True,62.43,45,2026-09-04,https://web.ifzq.gtimg.cn/appstock/app/fqkline/get?param=sh600309%2Cday%2C2026-01-01%2C2026-09-04%2C160%2Cqfq,160,77.66,76.712,75.1185,73.0125,-0.4869297796002203,2.562070787110393,15.651526433358143,1.0449144431888937,78.04,72.87,,True,8,False,,not_extended_trend_research_only,False
603055,台华新材,纺织制造,33.8710116301,8.368415249677884,3.8353021552999995,3.5571880362,73.29314494335036,9.657932605,2.5181673343920803,0.9274857344119096,55.469273955551856,2.5180372317999997,False,6.95,4.302331971299999,0.5354206714975643,7.764701942043217,-5.09807565127991,5.8967434639,2026-08-27 00:00:00,True,台华新材,9.38,9.38,9.39,0.0,9.5,9.35,68540000.0,0.82,14.16,83.34,83.51,1.52,2026-09-04,20260904161440,https://qt.gtimg.cn/q=sh603055,14.162054108551636,False,False,,True,62.25,46,2026-09-04,https://web.ifzq.gtimg.cn/appstock/app/fqkline/get?param=sh603055%2Cday%2C2026-01-01%2C2026-09-04%2C160%2Cqfq,160,9.38,9.496,9.0695,8.602166666666667,-1.1591148577449917,14.390243902439037,15.945611866501874,0.6563785757787632,9.69,8.8,,True,7,False,,not_extended_trend_research_only,False
000989,九芝堂,中药Ⅱ,16.322480873299998,29.081227408141032,2.5018074563,2.3152507388,70.35912635467427,4.7137373533,1.8841327462790807,0.92543122492092,213.0504605774241,0.8522845440000001,False,6.62,0.3492118572999985,0.25074492191354164,-21.734531567193173,2.177832210975228,3.2900957593999998,2026-08-20 00:00:00,True,九芝堂,8.93,8.92,8.91,0.11,9.05,8.89,117940000.0,1.79,23.23,65.57,76.44,2.08,2026-09-04,20260904161439,https://qt.gtimg.cn/q=sz000989,23.23336631817064,False,False,,True,62.01,47,2026-09-04,https://web.ifzq.gtimg.cn/appstock/app/fqkline/get?param=sz000989%2Cday%2C2026-01-01%2C2026-09-04%2C160%2Cqfq,160,8.93,8.998,9.1965,8.803833333333333,-2.297592997811826,-5.801687763713092,14.634146341463406,0.43397573492094765,9.62,8.66,,True,1,False,,below_ma20_no_short_term_confirmation,False
688087,英科再生,家居用品,21.463536351,28.831144604006465,1.536070165,2.1215434053999997,127.06002592840586,2.7252540704,1.7741729072642982,1.38115006315483,39.536698866287324,1.0256290793,False,5.29,3.3846357958000013,0.6240868026807184,34.016302933805086,-0.6487148658406716,2.9351867063,2026-08-26 00:00:00,True,英科再生,38.15,37.68,37.7,1.25,39.11,37.57,56040000.0,0.78,25.1,71.05,73.68,2.5,2026-09-04,20260904161453,https://qt.gtimg.cn/q=sh688087,25.10232137596405,False,False,,True,61.32,48,2026-09-04,https://web.ifzq.gtimg.cn/appstock/app/fqkline/get?param=sh688087%2Cday%2C2026-01-01%2C2026-09-04%2C160%2Cqfq,160,38.15,38.376,39.376,38.039833333333334,-0.6251628028132394,-4.744069912609239,-1.8775720164609155,0.6761439895344594,41.89,37.68,,True,19,False,,below_ma20_no_short_term_confirmation,False
002810,山东赫达,化学制品,12.2482976277,26.04549905019182,2.1299808844,2.0520864147,94.91951043310193,2.7694955252,1.3002443099296388,0.9634294982314161,62.26977670830396,1.1029115486,False,9.28,7.032696149099998,0.44479079579607006,3.0666098026154387,-17.330524939875836,2.415681483,2026-08-19 00:00:00,True,山东赫达,21.54,21.08,21.06,2.18,21.78,21.06,98720000.0,1.42,31.03,69.58,74.96,3.31,2026-09-04,20260904161421,https://qt.gtimg.cn/q=sz002810,31.030581029626575,False,True,,True,61.09,49,2026-09-04,https://web.ifzq.gtimg.cn/appstock/app/fqkline/get?param=sz002810%2Cday%2C2026-01-01%2C2026-09-04%2C160%2Cqfq,160,21.54,21.36,21.1165,21.587733333333333,-0.4160887656033285,6.422924901185767,-1.787342695604599,0.9497586925920227,21.72,21.04,,True,0,False,,recovery_needs_confirmation,False
600499,科达制造,专用设备,103.92409,26.915942221763967,12.844202,12.997285,85.70446989730398,13.65343,1.0630033691466392,1.0119184516095279,75.25560076351216,6.977977,False,9.79,2.5683955985000004,0.4592419100031811,15.434782122760948,19.886526774166292,18.482166,2026-08-25 00:00:00,True,科达制造,14.59,14.39,14.46,1.39,14.78,14.43,345460000.0,1.23,15.14,279.82,279.82,2.11,2026-09-04,20260904161459,https://qt.gtimg.cn/q=sh600499,15.140000365757997,False,False,,True,60.46,50,2026-09-04,https://web.ifzq.gtimg.cn/appstock/app/fqkline/get?param=sh600499%2Cday%2C2026-01-01%2C2026-09-04%2C160%2Cqfq,154,14.59,14.386000000000001,14.259,14.805833333333334,2.5298664792691383,2.3141654978962034,-0.068493150684934,0.7378136854573898,14.73,13.96,,True,13,False,,recovery_needs_confirmation,False
002602,世纪华通,游戏Ⅱ,221.1703963796,28.534488674922876,45.027243094700005,43.034047005299996,66.40025100252306,44.973169965699995,0.9987991019373254,0.9557335525693196,89.47479702323284,24.7542018629,False,13.87,3.1895455937999913,0.2626815166618259,-1.3637527348156375,-2.554664279026464,74.5151254702,2026-08-28 00:00:00,True,世纪华通,15.73,14.57,14.62,7.96,16.0,14.59,4646980000.0,4.43,15.56,1069.14,1159.41,3.39,2026-09-04,20260904161412,https://qt.gtimg.cn/q=sz002602,15.559391367644812,False,False,,True,60.2,51,2026-09-04,https://web.ifzq.gtimg.cn/appstock/app/fqkline/get?param=sz002602%2Cday%2C2026-01-01%2C2026-09-04%2C160%2Cqfq,160,15.73,14.464,14.152,13.758333333333333,12.598425196850393,14.23384168482209,6.427604871447912,2.8083408875388094,15.73,13.79,,True,11,False,,extended_do_not_chase,False
300442,润泽科技,通信服务,37.4569404705,50.054459319583614,12.034466777999999,12.0624142377,37.339458198531815,29.5802762047,2.4579631777932356,1.002322284835344,37.452350074280986,6.2121689702,False,8.47,-2.8150461610999997,0.6491386011975339,26.29310926318489,-85.97614325022568,53.71263276690001,2026-08-28 00:00:00,True,润泽科技,62.93,64.41,65.19,-2.3,65.47,62.55,1173130000.0,1.12,19.23,1029.68,1032.71,7.13,2026-09-04,20260904161451,https://qt.gtimg.cn/q=sz300442,19.226575701133747,False,False,,True,59.77,52,2026-09-04,https://web.ifzq.gtimg.cn/appstock/app/fqkline/get?param=sz300442%2Cday%2C2026-01-01%2C2026-09-04%2C160%2Cqfq,158,62.93,64.584,65.8325,71.48393333333333,-0.30101394169834705,-9.777777777777775,-14.70125786163522,0.6809168603936273,72.59,62.33,,True,12,False,,below_ma20_no_short_term_confirmation,False
300919,中伟新材,电池,335.8432632262,57.506165112073184,13.0289578976,12.5516803259,92.07080327244634,15.9553826774,1.2246092744177999,0.9633679396732169,75.82006564848456,7.4758815517,False,5.44,1.2165533505,0.6181661501776629,43.51524652283727,66.66787996174828,21.373828988499998,2026-08-25 00:00:00,True,中伟新材,39.4,40.08,40.31,-1.7,40.73,39.33,356440000.0,0.97,19.25,360.44,411.52,1.75,2026-09-04,20260904161400,https://qt.gtimg.cn/q=sz300919,19.253452445110078,False,False,,True,59.53,53,2026-09-04,https://web.ifzq.gtimg.cn/appstock/app/fqkline/get?param=sz300919%2Cday%2C2026-01-01%2C2026-09-04%2C160%2Cqfq,160,39.4,39.692,40.464,41.648833333333336,-3.2178825841316705,-4.85390002414875,-13.691128148959475,0.8384243592751849,41.8,38.9,,True,17,False,,below_ma20_no_short_term_confirmation,False
603259,药明康德,医疗服务,288.97478718360003,38.93498285981305,110.8017366142,105.7217731783,89.3933634765292,96.9914238808,0.8753601418587322,0.9541526731337443,31.494347798316234,64.2865567366,False,13.19,9.460067317000004,0.2784951457049394,48.90791851959384,55.58959277032582,216.69873434549996,2026-08-04 00:00:00,True,XD药明康,153.83,156.12,155.88,-1.47,157.01,153.21,3984100000.0,1.04,21.33,3804.65,4621.91,5.65,2026-09-04,20260904161437,https://qt.gtimg.cn/q=sh603259,21.328735555192136,False,False,,True,59.41,54,2026-09-04,https://web.ifzq.gtimg.cn/appstock/app/fqkline/get?param=sh603259%2Cday%2C2026-01-01%2C2026-09-04%2C160%2Cqfq,160,153.83,154.718,159.518,134.17533333333333,-1.9504111160685622,-0.3110621476249076,59.310273405136705,0.4537308072381862,167.39,153.83,,True,9,False,,below_ma20_no_short_term_confirmation,False
002956,西麦食品,休闲食品,14.0226815877,22.032042369252004,1.4821074083,1.4117055834999999,81.53217297118252,2.4058505934,1.6232633208139398,0.952498837529763,73.83833757785791,0.4686389524000001,False,8.8,0.4467211985000006,0.27979870109050287,47.17944652490682,-10.724802178661431,2.3843739534000004,2026-08-20 00:00:00,True,西麦食品,16.77,16.55,16.6,1.33,17.05,16.5,54040000.0,1.03,21.98,52.41,52.41,3.19,2026-09-04,20260904161421,https://qt.gtimg.cn/q=sz002956,21.980612531547706,False,False,,True,59.07,55,2026-09-04,https://web.ifzq.gtimg.cn/appstock/app/fqkline/get?param=sz002956%2Cday%2C2026-01-01%2C2026-09-04%2C160%2Cqfq,160,16.77,16.826,17.3995,18.712666666666667,-2.3296447291788147,-6.312849162011169,-21.19360902255639,0.8732157622176769,18.7,16.55,,True,0,False,,below_ma20_no_short_term_confirmation,False
002780,三夫户外,服装家纺,5.2667359815,39.37459657311291,0.5320464129,0.4329082282,181.90738443054602,0.4462446343,0.8387325306220479,0.813666284940007,443.72505447064106,0.22541715029999998,False,6.56,2.897724199999999,0.37687163833266846,-31.618493054347496,0.1989082827523303,0.8973648928999999,2026-08-29 00:00:00,True,三夫户外,14.21,14.12,14.3,0.64,14.48,14.12,64150000.0,3.38,26.19,18.84,23.5,2.82,2026-09-04,20260904161442,https://qt.gtimg.cn/q=sz002780,26.18778624607814,False,False,,True,58.8,56,2026-09-04,https://web.ifzq.gtimg.cn/appstock/app/fqkline/get?param=sz002780%2Cday%2C2026-01-01%2C2026-09-04%2C160%2Cqfq,160,14.21,14.172,13.532,13.001,3.8742690058479523,8.639143730886856,8.225437928408219,1.0473089410662357,14.28,12.99,,True,14,False,,not_extended_trend_research_only,False
920258,聚仁新材,化学制品,3.8920375401,24.57856835911112,0.9868562377,0.9819229747,56.35083474529796,1.2487667125,1.2653988137222676,0.9950010317495711,51.17360917932074,0.5122188952,False,11.48,7.930781376600002,0.1121853714669176,10.666029138737576,12.544890734111224,1.5681063744,2026-07-23 00:00:00,True,聚仁新材,11.4,11.42,11.4,-0.18,11.63,11.36,29892399.999999996,7.22,29.08,4.1,45.6,4.51,2026-09-04,20260904153514,https://qt.gtimg.cn/q=bj920258,29.079659865197474,False,True,,True,58.47,57,,,,,,,,,,,,,,only 0 historical rows,False,25,False,,unverified,False
300132,诺斯贝尔,化妆品,11.067326106,18.155177560388182,0.5633551849,0.5719039369,120.20094140525512,2.1475303621,3.812036206751525,1.0151747107848443,34.95882760171176,0.3441186868000001,False,3.81,1.4765687895,0.34238281887944644,15.102052976887737,21.438911584038678,1.8215555687,2026-08-28 00:00:00,True,诺斯贝尔,6.36,6.26,6.28,1.6,6.44,6.26,89640000.0,2.77,18.04,32.31,32.85,2.18,2026-09-04,20260904161409,https://qt.gtimg.cn/q=sz300132,18.034036712612753,False,False,,True,58.46,58,2026-09-04,https://web.ifzq.gtimg.cn/appstock/app/fqkline/get?param=sz300132%2Cday%2C2026-01-01%2C2026-09-04%2C160%2Cqfq,160,6.36,6.328,6.4295,6.1735,-0.9345794392523255,-2.304147465437778,-0.31347962382444194,0.9771688896268137,6.83,6.22,,True,8,False,,below_ma20_no_short_term_confirmation,False
300037,新宙邦,电池,74.6255398937,75.66109997802855,9.8380939012,9.6919939697,107.9285585934787,11.267347929100001,1.1452775346783046,0.9851495693203153,98.18579288198566,5.0331668295,False,8.82,-1.1369214008000021,0.5015693213061161,85.55162873215916,73.22647871504795,15.972665675900002,2026-08-21 00:00:00,True,新宙邦,62.55,63.65,63.64,-1.73,65.16,61.88,759570000.0,2.18,29.52,342.01,471.56,4.21,2026-09-04,20260904161427,https://qt.gtimg.cn/q=sz300037,29.522936845257004,False,False,,True,58.38,59,2026-09-04,https://web.ifzq.gtimg.cn/appstock/app/fqkline/get?param=sz300037%2Cday%2C2026-01-01%2C2026-09-04%2C160%2Cqfq,160,62.55,63.748,64.753,70.781,-4.372420119247822,-6.362275449101795,-17.261904761904756,0.8648403072510552,69.67,60.6,,True,2,False,,below_ma20_no_short_term_confirmation,False
002250,联化科技,农化制品,39.950989538099996,26.841995612343126,3.6818424932,3.5781383997000002,71.81907809486007,6.1071479569000005,1.658720591165782,0.9718336420714545,52.84145628067905,2.66282088,False,5.34,5.239560405399999,0.4870309733142725,29.628025428777562,11.155684517768316,5.0619187313,2026-08-26 00:00:00,True,联化科技,15.41,15.47,15.47,-0.39,15.86,15.34,199210000.0,1.42,27.39,137.98,138.67,2.0,2026-09-04,20260904161412,https://qt.gtimg.cn/q=sz002250,27.394750362652864,False,False,,True,58.23,60,2026-09-04,https://web.ifzq.gtimg.cn/appstock/app/fqkline/get?param=sz002250%2Cday%2C2026-01-01%2C2026-09-04%2C160%2Cqfq,160,15.41,15.364,15.9095,15.274000000000001,-0.8365508365508312,-7.00060350030175,11.424439624005789,0.7341583579940837,17.54,14.54,,True,9,False,,below_ma20_no_short_term_confirmation,False
300750,宁德时代,电池,2769.1658,54.80036914854492,432.84002,390.13299,43.444599328143326,602.16851,1.3912034058218554,0.9013329913440075,36.457445722311775,225.46292,False,12.08,-1.0945742002000003,0.6365245291708929,38.585367249016954,81.0091783778532,850.00145,2026-07-25 00:00:00,True,宁德时代,351.0,349.5,351.4,0.43,354.66,349.56,8020350000.0,0.53,19.11,14953.29,16239.96,4.36,2026-09-04,20260904161445,https://qt.gtimg.cn/q=sz300750,19.10580270186598,False,False,,True,57.99,61,2026-09-04,https://web.ifzq.gtimg.cn/appstock/app/fqkline/get?param=sz300750%2Cday%2C2026-01-01%2C2026-09-04%2C160%2Cqfq,160,351.0,354.088,379.269,382.29516666666666,-4.7489823609226605,-9.224450950169139,-7.825146140473427,1.056867622311624,399.98,348.29,,True,4,False,,below_ma20_no_short_term_confirmation,False
688380,中微半导,半导体,7.257737485700001,44.01390925079885,1.7162226344,1.5890146098,109.74067991707477,1.9323394766,1.1259258780697503,0.9258790660079642,131.2688349408674,1.2037387261,False,5.26,5.491779280699994,0.1484132642641717,32.697171110119825,6.5608655417428,3.6933417809000004,2026-08-17 00:00:00,True,中微半导,38.34,39.36,39.65,-2.59,40.11,37.95,338470000.0,2.16,41.56,153.5,153.5,4.75,2026-09-04,20260904161453,https://qt.gtimg.cn/q=sh688380,41.56127678023744,False,False,,True,57.63,62,2026-09-04,https://web.ifzq.gtimg.cn/appstock/app/fqkline/get?param=sh688380%2Cday%2C2026-01-01%2C2026-09-04%2C160%2Cqfq,160,38.34,39.688,41.2955,46.0185,-6.2362435803374865,-4.863523573200979,-20.174890693316673,0.7197181518103329,47.05,38.34,,True,0,False,,below_ma20_no_short_term_confirmation,False
603317,天味食品,调味发酵品Ⅱ,20.2772569493,45.795063591716435,3.8080220001,3.5461742756,118.18664502345437,3.770618938,0.9901778240516946,0.9312378645677143,13.357987990509024,1.3069265464999997,False,8.42,3.6142827618000055,0.16254418654256564,5.966280264213242,72.81645225593654,7.6048826486,2026-08-26 00:00:00,True,天味食品,13.55,13.14,13.16,3.12,13.73,13.15,173920000.0,1.21,18.92,143.91,143.91,3.4,2026-09-04,20260904161459,https://qt.gtimg.cn/q=sh603317,18.923368926211204,False,False,,True,57.0,63,2026-09-04,https://web.ifzq.gtimg.cn/appstock/app/fqkline/get?param=sh603317%2Cday%2C2026-01-01%2C2026-09-04%2C160%2Cqfq,160,13.55,13.322,13.92,13.908,-0.22091310751104487,-4.510218463706828,-0.07374631268436405,1.11671199810715,14.75,13.14,,True,9,False,,below_ma20_no_short_term_confirmation,False
601918,新集能源,煤炭开采,78.9239653635,35.82023278973929,12.1745305032,12.2201602077,30.748137979277,22.282504573,1.830255759525444,1.0037479642018234,72.22436528152404,6.6924503351,False,6.96,-3.805101389599997,0.6388171743789723,19.862656018978786,22.191452573859372,24.3312207017,2026-08-22 00:00:00,True,新集能源,10.48,10.63,10.71,-1.41,10.74,10.4,329060000.0,1.21,11.16,271.49,271.49,1.52,2026-09-04,20260904161456,https://qt.gtimg.cn/q=sh601918,11.158092038556505,False,True,,True,56.92,64,2026-09-04,https://web.ifzq.gtimg.cn/appstock/app/fqkline/get?param=sh601918%2Cday%2C2026-01-01%2C2026-09-04%2C160%2Cqfq,160,10.48,10.714,10.368,9.714,-3.676470588235292,6.720977596741351,7.9299691040164655,0.745256011817177,11.09,10.4,,True,4,False,,not_extended_trend_research_only,False
002479,富春环保,电力,32.2578858417,29.253835737446444,3.2078477963,2.6821494880000003,101.9534467790129,2.9989023147000005,0.9348642782113908,0.8361211810278681,139.88015469758926,2.1743076669,False,7.43,0.8021882977000026,0.47799772993295464,-6.805813592181864,56.349693130727374,3.3772650985,2026-08-20 00:00:00,True,富春环保,6.05,6.15,6.18,-1.63,6.22,6.01,112810000.0,2.14,15.5,52.22,52.33,1.19,2026-09-04,20260904161448,https://qt.gtimg.cn/q=sz002479,15.494786009911444,False,False,,True,56.68,65,2026-09-04,https://web.ifzq.gtimg.cn/appstock/app/fqkline/get?param=sz002479%2Cday%2C2026-01-01%2C2026-09-04%2C160%2Cqfq,160,6.05,6.092,5.8625,5.217,1.680672268907557,7.6512455516014155,28.177966101694917,0.8743749515913909,6.15,5.78,,True,0,False,,not_extended_trend_research_only,False
605020,永和股份,化学制品,31.3410493792,28.15913039030782,5.128917443,5.267151209100001,96.74706833860776,4.2409862148,0.8268774574619333,1.0269518407414928,91.18536176585206,3.3261275184000003,False,8.59,5.136663132599999,0.328981443251431,30.26986594696559,10.59398434006711,8.0315950954,2026-08-17 00:00:00,True,永和股份,32.96,33.32,33.32,-1.08,34.2,32.8,365640000.0,2.17,20.96,165.76,168.37,2.79,2026-09-04,20260904161454,https://qt.gtimg.cn/q=sh605020,20.96345719624635,False,True,,True,56.48,66,2026-09-04,https://web.ifzq.gtimg.cn/appstock/app/fqkline/get?param=sh605020%2Cday%2C2026-01-01%2C2026-09-04%2C160%2Cqfq,160,32.96,33.362,33.5655,35.349833333333336,-4.046579330422128,-6.337027564649045,-0.9019843656043247,0.8897441563794245,35.9,30.97,,True,2,False,,below_ma20_no_short_term_confirmation,False
600988,赤峰黄金,贵金属,70.17772302520001,33.11309246482885,17.322924212100002,17.3836167232,56.34033215042973,18.8038525336,1.0854895110876013,1.0035035950256948,19.337147932748834,7.4404962664,False,12.31,9.444415897899994,0.29621544471013295,-12.190075969078118,7.0386617722666855,37.077585610099995,2026-08-31 00:00:00,True,赤峰黄金,45.69,46.6,47.21,-1.95,47.63,45.31,2499130000.0,3.25,23.42,760.24,868.3,6.06,2026-09-04,20260904161438,https://qt.gtimg.cn/q=sh600988,23.418461200005257,False,True,,True,56.37,67,2026-09-04,https://web.ifzq.gtimg.cn/appstock/app/fqkline/get?param=sh600988%2Cday%2C2026-01-01%2C2026-09-04%2C160%2Cqfq,160,45.69,46.174,44.8075,37.15266666666667,-6.9260541861886455,8.553100498930855,61.6772823779193,0.7377410755513697,49.43,45.69,,True,6,False,,not_extended_trend_research_only,False
002054,德美化工,化学制品,18.8187735701,28.014905613565478,0.9706660889000001,0.9043122162,122.78987703411768,1.0000187788,1.0302397397371363,0.9316408871611092,208.23382034711412,0.4993252501,False,3.74,7.288480782499999,0.49738180173112634,18.75349679961287,57.67669005735596,1.6733412398000003,2026-08-24 00:00:00,True,德美化工,7.29,7.35,7.35,-0.82,7.46,7.26,64320000.0,2.27,21.0,28.02,35.15,1.33,2026-09-04,20260904161427,https://qt.gtimg.cn/q=sz002054,21.005876843267885,False,True,,True,56.29,68,2026-09-04,https://web.ifzq.gtimg.cn/appstock/app/fqkline/get?param=sz002054%2Cday%2C2026-01-01%2C2026-09-04%2C160%2Cqfq,160,7.29,7.402,7.2985,7.083666666666667,-1.8842530282637937,2.3876404494381998,-1.2195121951219523,0.9198119664960015,7.49,7.16,,True,1,False,,below_ma20_no_short_term_confirmation,False
002120,韵达股份,物流,264.3860758972,6.465950498016926,9.9842643209,9.3098467266,105.67954175169385,16.2738581788,1.6299506559270502,0.9324519491247596,146.26944082095883,5.1140312172,False,4.62,1.5730798409999993,0.4188496479602268,35.39368900718185,-13.2792704799364,16.4109632782,2026-08-26 00:00:00,True,韵达股份,6.87,6.81,6.81,0.88,6.94,6.8,218340000.0,1.13,12.14,193.4,199.18,0.94,2026-09-04,20260904161442,https://qt.gtimg.cn/q=sz002120,12.137008451209368,False,False,,True,56.12,69,2026-09-04,https://web.ifzq.gtimg.cn/appstock/app/fqkline/get?param=sz002120%2Cday%2C2026-01-01%2C2026-09-04%2C160%2Cqfq,160,6.87,6.838,6.7325,6.67355,1.7777777777777892,2.3845007451564815,8.685334598955862,1.1255318979428706,6.91,6.61,,True,10,False,,not_extended_trend_research_only,False
002772,众兴菌业,种植业,10.853595648599999,19.553357101851798,1.9084928713999998,1.675403386,207.93483255468766,1.7160229894999999,0.8991508510279049,0.8778672486059568,35.20897939200247,0.2815010875,False,5.34,11.5264277864,0.5397472607150952,-3.3615632723701605,28.61141079346381,4.5679291722,2026-08-15 00:00:00,True,众兴菌业,11.6,11.43,11.32,1.49,11.82,11.22,230710000.0,5.35,9.52,43.11,43.47,1.22,2026-09-04,20260904161409,https://qt.gtimg.cn/q=sz002772,9.516347202700613,False,False,,True,55.83,70,2026-09-04,https://web.ifzq.gtimg.cn/appstock/app/fqkline/get?param=sz002772%2Cday%2C2026-01-01%2C2026-09-04%2C160%2Cqfq,160,11.6,11.616,11.018,11.338666666666667,-2.2746419545071617,8.41121495327104,-8.948194662480379,1.075368870960932,12.01,10.28,,True,4,False,,recovery_needs_confirmation,False
002111,威海广泰,航空装备Ⅱ,16.9701683757,19.130576746426463,1.5882740894999998,1.4628972257,85.99521827573172,2.4715176709,1.5561027452623442,0.921060939903975,97.02584801796834,0.8157684996999999,False,4.98,4.088242984200001,0.49685930424592445,-14.049802587059823,-19.94903311241395,2.0453374263999997,2026-08-27 00:00:00,True,威海广泰,10.04,9.81,9.92,2.34,10.12,9.85,126940000.0,2.59,26.11,49.07,53.41,1.75,2026-09-04,20260904161451,https://qt.gtimg.cn/q=sz002111,26.113050741953607,False,False,,True,55.72,71,2026-09-04,https://web.ifzq.gtimg.cn/appstock/app/fqkline/get?param=sz002111%2Cday%2C2026-01-01%2C2026-09-04%2C160%2Cqfq,160,10.04,9.854,9.621,9.317166666666667,2.9743589743589594,4.692387904066719,10.816777041942593,1.4057254162502175,10.04,9.41,,True,10,False,,not_extended_trend_research_only,False
600872,中炬高新,调味发酵品Ⅱ,25.4195131939,19.231324854981736,4.1416743715,3.6647337226,39.382071333415205,6.1931353402,1.4953216464376502,0.8848435183166596,99.79166891927463,1.5140348564999997,False,7.05,3.743837946999996,0.3183748720870724,-18.659648898004587,-5.056403486390648,6.9437934588,2026-08-20 00:00:00,True,中炬高新,18.51,18.11,18.11,2.21,18.67,18.1,198080000.0,1.39,20.64,142.71,143.32,2.57,2026-09-04,20260904161449,https://qt.gtimg.cn/q=sh600872,20.64001483488364,False,False,,True,55.0,74,2026-09-04,https://web.ifzq.gtimg.cn/appstock/app/fqkline/get?param=sh600872%2Cday%2C2026-01-01%2C2026-09-04%2C160%2Cqfq,160,18.51,18.368,18.656,18.395666666666667,0.0,-3.8441558441558388,8.37236533957848,1.0530407549358984,19.56,18.11,,True,2,False,,below_ma20_no_short_term_confirmation,False
601339,百隆东方,纺织制造,42.7385483464,19.028541119827903,5.5947815129,5.2877375479,46.681856510804764,9.8872131828,1.767220607275343,0.9451195789697878,46.3516577161283,3.1691628785999995,False,5.96,1.215800895300001,0.3177207802678796,-0.7645486882471131,-15.908618005815745,8.2559728877,2026-08-07 00:00:00,True,百隆东方,7.52,7.57,7.6,-0.66,7.66,7.51,78530000.0,0.69,13.66,112.77,112.77,1.26,2026-09-04,20260904161455,https://qt.gtimg.cn/q=sh601339,13.659201832894603,False,False,,True,54.34,75,2026-09-04,https://web.ifzq.gtimg.cn/appstock/app/fqkline/get?param=sh601339%2Cday%2C2026-01-01%2C2026-09-04%2C160%2Cqfq,160,7.52,7.718,7.678,7.4625,-1.8276762402088864,-4.810126582278496,11.07828655834564,1.0010617760617762,8.05,7.52,,True,1,False,,below_ma20_no_short_term_confirmation,False
600884,杉杉股份,电池,121.3033325992,23.044606777116684,8.224516076699999,7.7986267175999995,362.5549745854558,8.345200226000001,1.0146737082369988,0.9482170920297012,182.1480653615346,4.914044091899999,False,3.692,3.7686183211,0.48526649739248373,22.26726288234806,17.42883253658354,10.730596749599998,2026-08-28 00:00:00,True,杉杉股份,11.55,11.67,11.72,-1.03,11.76,11.51,350890000.0,1.64,24.17,211.96,259.37,1.13,2026-09-04,20260904161438,https://qt.gtimg.cn/q=sh600884,24.171069517608,False,False,,True,54.32,76,2026-09-04,https://web.ifzq.gtimg.cn/appstock/app/fqkline/get?param=sh600884%2Cday%2C2026-01-01%2C2026-09-04%2C160%2Cqfq,160,11.55,11.744,11.956,12.6205,-4.06976744186045,-7.0048309178743935,-11.832061068702282,0.6959645399286756,12.18,11.55,,True,4,False,,below_ma20_no_short_term_confirmation,False
000601,韶能股份,电力,25.1585276463,7.74891400597606,1.6844519991999998,1.4770325362999999,174.75034818710148,3.6152038139,2.1462195512944127,0.876862348705389,103.09716961386451,1.5788782635999998,False,4.01,3.1145660580999994,0.6557521118821795,18.223210853797834,-10.170953291160846,1.7970385055000002,2026-08-24 00:00:00,True,韶能股份,6.17,6.16,6.18,0.16,6.31,6.14,203570000.0,3.12,36.53,64.76,65.65,1.55,2026-09-04,20260904161403,https://qt.gtimg.cn/q=sz000601,36.53232793792242,False,False,,True,53.3,78,2026-09-04,https://web.ifzq.gtimg.cn/appstock/app/fqkline/get?param=sz000601%2Cday%2C2026-01-01%2C2026-09-04%2C160%2Cqfq,160,6.17,6.142,6.2855,6.4105,-0.16181229773462036,-6.0882800608828,-9.927007299270073,0.8728964433043769,6.74,6.08,,True,2,False,,below_ma20_no_short_term_confirmation,False
002345,潮宏基,饰品,43.743420340200004,6.645547791922368,4.2205071605,4.205583487799999,27.631609037981985,13.094765881199999,3.1026522129271004,0.9964640096243238,11.347295276995585,1.5849055387,False,10.89,3.5809434365,0.3768643422674831,17.425509892215718,-4.886342252577236,5.8782493801,2026-08-27 00:00:00,True,潮宏基,9.67,9.46,9.6,2.22,9.86,9.5,201090000.0,2.39,14.62,83.86,85.92,2.21,2026-09-04,20260904161439,https://qt.gtimg.cn/q=sz002345,14.616596616480798,False,False,,True,52.95,79,2026-09-04,https://web.ifzq.gtimg.cn/appstock/app/fqkline/get?param=sz002345%2Cday%2C2026-01-01%2C2026-09-04%2C160%2Cqfq,160,9.67,9.632,10.112,10.037333333333333,-7.019230769230777,-8.687440982058547,9.019165727170254,0.7150037895197394,11.65,9.4,,True,10,False,,below_ma20_no_short_term_confirmation,False
600323,瀚蓝环境,环境治理,77.3674925706,34.250043509764396,12.0622390605,11.797182273099999,29.320884978993035,16.320206523,1.352999757436701,0.9780259049691714,14.71420414835707,6.272566685,False,7.93,2.4753078459999998,0.6943886242139435,27.884232591655955,24.517025357864284,22.124252647,2026-08-27 00:00:00,True,瀚蓝环境,29.99,30.0,30.14,-0.03,30.27,29.87,126630000.0,0.52,11.05,244.52,244.52,1.61,2026-09-04,20260904161433,https://qt.gtimg.cn/q=sh600323,11.052124738466878,False,False,,True,52.85,80,2026-09-04,https://web.ifzq.gtimg.cn/appstock/app/fqkline/get?param=sh600323%2Cday%2C2026-01-01%2C2026-09-04%2C160%2Cqfq,160,29.99,30.264,29.8425,29.197833333333335,-0.7939133311280266,1.9374575118966675,2.076242341729073,0.9011022143720886,30.71,29.6,,True,17,False,,not_extended_trend_research_only,False
300861,美畅股份,通用设备,11.618979192000001,15.306157983603352,3.0957717883999996,2.7494182958999995,363.5945625536013,2.7837942194,0.8992246230264794,0.8881204700560285,98.13592874159245,1.1529821727999998,False,4.73,13.617526663599996,0.09599840910869449,37.966146753865736,20.608739643927777,4.68809629,2026-08-26 00:00:00,True,美畅股份,16.17,16.38,16.41,-1.28,16.73,16.04,182750000.0,2.63,23.17,68.22,108.64,1.65,2026-09-04,20260904161412,https://qt.gtimg.cn/q=sz300861,23.173585455515465,False,False,,True,52.82,81,2026-09-04,https://web.ifzq.gtimg.cn/appstock/app/fqkline/get?param=sz300861%2Cday%2C2026-01-01%2C2026-09-04%2C160%2Cqfq,160,16.17,16.434,16.906,18.6971,-3.6926742108397748,-6.693594922100388,-11.547508341994405,1.0403176948582462,17.86,16.17,,True,11,False,,below_ma20_no_short_term_confirmation,False
920093,信胜科技,专用设备,8.2171847307,25.412254796579536,1.2266563351000002,1.1706836584,35.449373493143945,1.4369199925,1.1714120339849374,0.9543697161964789,,,False,17.32,1.9188387754999994,0.4698623168860457,6.516422969958868,31.99512989143143,2.5755916571,2026-07-27 00:00:00,True,信胜科技,19.94,20.2,20.23,-1.29,20.99,19.78,61509700.0,11.99,10.92,5.02,28.12,2.32,2026-09-04,20260904153514,https://qt.gtimg.cn/q=bj920093,10.917879751040138,False,False,,True,52.66,82,,,,,,,,,,,,,,only 0 historical rows,False,0,False,,unverified,False
300127,银河磁体,金属新材料,5.4298509374,39.41386729563909,1.1736199579,1.1568150631999998,41.98707977431128,1.7881526940999999,1.523621579595157,0.9856811444054941,41.843148975679,0.6357569739000001,False,7.46,1.4735316822000044,0.08697456410364758,51.57668596249949,-30.236856717753845,2.1083767212,2026-08-22 00:00:00,True,银河磁体,24.26,24.68,24.78,-1.7,24.99,24.13,123520000.0,2.15,37.18,56.43,78.4,5.22,2026-09-04,20260904161424,https://qt.gtimg.cn/q=sz300127,37.185005512382055,False,False,,True,52.58,83,2026-09-04,https://web.ifzq.gtimg.cn/appstock/app/fqkline/get?param=sz300127%2Cday%2C2026-01-01%2C2026-09-04%2C160%2Cqfq,160,24.26,24.578,25.0965,25.702333333333332,-3.2309533306741023,-10.214655810510731,-11.845930232558132,0.9649073743695574,26.23,24.26,,True,2,False,,below_ma20_no_short_term_confirmation,False
600801,华新建材,水泥,194.97106055,21.502730962929895,17.12791886,17.04203914,59.26994700571504,26.93293008,1.5724578274887975,0.9949859804508672,24.50555433954076,10.82669778,False,5.22,2.6315529047999995,0.5296125338947506,2.3362719175938462,31.27844861933773,34.6263912,2026-08-29 00:00:00,True,华新建材,24.8,23.89,24.07,3.81,24.97,23.82,377640000.0,1.14,14.89,332.74,515.59,1.55,2026-09-04,20260904161437,https://qt.gtimg.cn/q=sh600801,14.890087650832063,False,True,,True,52.53,84,2026-09-04,https://web.ifzq.gtimg.cn/appstock/app/fqkline/get?param=sh600801%2Cday%2C2026-01-01%2C2026-09-04%2C160%2Cqfq,160,24.8,23.892,23.503,20.747,3.46266166040885,8.533916849015322,33.62068965517242,1.4373693838279833,24.8,23.3,,True,6,False,,not_extended_trend_research_only,False
000049,德赛电池,电池,107.1633470834,9.778718390690088,2.0527726525,1.7078986563,157.31615269901548,3.6523501064999997,1.7792277688675997,0.8319960099916617,156.44806081377237,1.2536077596,False,3.02,0.4966488939999998,0.6037460533090875,-3.3056788065923937,14.909698590400078,4.0000209946,2026-08-18 00:00:00,True,德赛电池,23.13,23.04,23.15,0.39,23.55,23.09,127440000.0,1.43,22.24,88.94,88.97,1.3,2026-09-04,20260904161409,https://qt.gtimg.cn/q=sz000049,22.242383257515115,False,False,,True,52.4,85,2026-09-04,https://web.ifzq.gtimg.cn/appstock/app/fqkline/get?param=sz000049%2Cday%2C2026-01-01%2C2026-09-04%2C160%2Cqfq,160,23.13,23.222,23.931,24.085,-1.6999575010624879,-6.204379562043805,3.2128514056224855,0.7432150652912014,25.72,23.04,,True,0,False,,below_ma20_no_short_term_confirmation,False
000421,南京公用,综合Ⅱ,36.7886093823,28.327979273243464,0.8243938332999999,0.7997674951,183.62970552901626,5.4030345862999996,6.553948329128046,0.9701279446724849,,0.10052135760000006,True,2.96,-0.2024254212999992,0.5169673788434586,13.25505007051464,-84.51193556079465,0.9923672361,2026-08-24 00:00:00,True,南京公用,5.82,5.77,5.8,0.87,5.87,5.76,49160000.0,1.47,33.69,33.42,33.43,1.2,2026-09-04,20260904161454,https://qt.gtimg.cn/q=sz000421,33.68712587829863,False,False,,True,52.37,86,2026-09-04,https://web.ifzq.gtimg.cn/appstock/app/fqkline/get?param=sz000421%2Cday%2C2026-01-01%2C2026-09-04%2C160%2Cqfq,160,5.82,5.834,5.6525,5.404,0.6920415224913601,9.193245778611626,7.380073800738018,0.6450936822338403,5.91,5.52,,True,4,False,,not_extended_trend_research_only,False
301607,富特科技,汽车零部件,24.44719792,65.80799735506166,1.5782826803999999,1.5247871342,139.1370723209039,1.2988530555,0.822953373074346,0.9661052187517878,71.05274205431107,0.8087355002999999,False,10.64,-1.3775242269999985,0.5771957170007798,27.89482841480144,44.20876065298665,3.0588510752999998,2026-08-28 00:00:00,True,富特科技,42.03,42.83,44.1,-1.87,44.28,41.65,465790000.0,7.15,32.17,63.8,98.4,5.19,2026-09-04,20260904161451,https://qt.gtimg.cn/q=sz301607,32.168941075481854,False,False,,True,52.18,87,2026-09-04,https://web.ifzq.gtimg.cn/appstock/app/fqkline/get?param=sz301607%2Cday%2C2026-01-01%2C2026-09-04%2C160%2Cqfq,160,42.03,41.024,42.555,42.8945,-1.5460295151089154,10.634377467754664,4.812967581047389,0.9513490114084768,46.68,38.27,,True,9,False,,below_ma20_no_short_term_confirmation,False
